{"cameraMode":{"drawMode":0,"name":"Shaded","section":"Shading Mode"},"sceneLighting":true,"audioPlay":false,"sceneViewState":{"m_AlwaysRefresh":false,"showFog":true,"showSkybox":true,"showFlares":true,"showImageEffects":true,"showParticleSystems":true,"showVisualEffectGraphs":true,"m_FxEnabled":true},"in2DMode":false,"pivot":{"x":0.0325549840927124,"y":2.3253285884857179,"z":-34.07455825805664},"rotation":{"x":-0.02745733968913555,"y":-0.738784670829773,"z":0.03017381578683853,"w":-0.6726624965667725},"size":0.18995165824890138,"orthographic":false}